Var1,Var2
Zwift Concept Z1,DT Swiss ARC 62
Spec Venge S-Works ,DT Swiss ARC 62
Canyon Aero 2021,DT Swiss ARC 62
Chapter2 Toa,DT Swiss ARC 62
Scott Addict RC,DT Swiss ARC 62
Spec Aethos,DT Swiss ARC 62
Zwift Concept Z1,DT Swiss ARC 62 Dicut Disc
Spec Venge S-Works ,DT Swiss ARC 62 Dicut Disc
Canyon Aero 2021,DT Swiss ARC 62 Dicut Disc
Chapter2 Toa,DT Swiss ARC 62 Dicut Disc
Scott Addict RC,DT Swiss ARC 62 Dicut Disc
Spec Aethos,DT Swiss ARC 62 Dicut Disc
Zwift Concept Z1,Zipp 858/Super9
Spec Venge S-Works ,Zipp 858/Super9
Canyon Aero 2021,Zipp 858/Super9
Chapter2 Toa,Zipp 858/Super9
Scott Addict RC,Zipp 858/Super9
Spec Aethos,Zipp 858/Super9
Zwift Concept Z1,Zipp 858
Spec Venge S-Works ,Zipp 858
Canyon Aero 2021,Zipp 858
Chapter2 Toa,Zipp 858
Scott Addict RC,Zipp 858
Spec Aethos,Zipp 858
Zwift Concept Z1,ENVE 7.8
Spec Venge S-Works ,ENVE 7.8
Canyon Aero 2021,ENVE 7.8
Chapter2 Toa,ENVE 7.8
Scott Addict RC,ENVE 7.8
Spec Aethos,ENVE 7.8
Zwift Concept Z1,Zipp 808
Spec Venge S-Works ,Zipp 808
Canyon Aero 2021,Zipp 808
Chapter2 Toa,Zipp 808
Scott Addict RC,Zipp 808
Spec Aethos,Zipp 808
Zwift Concept Z1,DT Swiss ARC 62
Spec Venge S-Works ,DT Swiss ARC 62
Canyon Aero 2021,DT Swiss ARC 62
Chapter2 Toa,DT Swiss ARC 62
Scott Addict RC,DT Swiss ARC 62
Spec Aethos,DT Swiss ARC 62
Zwift Concept Z1,Zipp 353 NSW
Spec Venge S-Works ,Zipp 353 NSW
Canyon Aero 2021,Zipp 353 NSW
Chapter2 Toa,Zipp 353 NSW
Scott Addict RC,Zipp 353 NSW
Spec Aethos,Zipp 353 NSW
Zwift Concept Z1,ENVE 3.4
Spec Venge S-Works ,ENVE 3.4
Canyon Aero 2021,ENVE 3.4
Chapter2 Toa,ENVE 3.4
Scott Addict RC,ENVE 3.4
Spec Aethos,ENVE 3.4
Zwift Concept Z1,Roval Alpinist
Spec Venge S-Works ,Roval Alpinist
Canyon Aero 2021,Roval Alpinist
Chapter2 Toa,Roval Alpinist
Scott Addict RC,Roval Alpinist
Spec Aethos,Roval Alpinist
Zwift Concept Z1,Lightweight Meil
Spec Venge S-Works ,Lightweight Meil
Canyon Aero 2021,Lightweight Meil
Chapter2 Toa,Lightweight Meil
Scott Addict RC,Lightweight Meil
Spec Aethos,Lightweight Meil
